{"faces":[33,0,1,3,2,0,0,0,0,33,5,9,11,7,1,1,1,1,33,0,4,5,1,2,2,2,2,33,1,5,7,3,3,3,3,3,33,4,0,2,6,4,4,4,4,33,3,7,6,2,5,5,5,5,33,10,14,12,8,6,6,6,6,33,6,10,8,4,7,7,7,7,33,7,11,10,6,8,8,8,8,33,4,8,9,5,9,9,9,9,33,11,15,14,10,10,10,10,10,33,8,12,13,9,11,11,11,11,33,9,13,15,11,12,12,12,12],"uvs":[],"normals":[0,1,-7.78761e-08,0.548094,0.836417,-3.29276e-08,0,0.963821,0.26655,0.267801,0.963474,-4.90652e-08,-0.267801,0.963474,-4.90652e-08,0,0.963821,-0.26655,-0.656237,0.754555,-3.16608e-08,-0.548094,0.836417,-3.29276e-08,0,0.83768,-0.546161,0,0.83768,0.546161,0,0.756191,-0.654351,0,0.756191,0.654351,0.656237,0.754555,-3.16608e-08],"vertices":[-97.4757,73.8735,97.9683,97.4757,73.8735,97.9683,-97.4757,73.8735,-97.9683,97.4757,73.8735,-97.9683,-201.262,45.0257,202.279,201.262,45.0257,202.279,-201.262,45.0257,-202.279,201.262,45.0257,-202.279,-289.308,-12.6699,290.77,289.308,-12.6699,290.77,-289.308,-12.6699,-290.77,289.308,-12.6699,-290.77,-391.369,-101.432,393.347,391.369,-101.432,393.347,-391.369,-101.432,-393.347,391.369,-101.432,-393.347],"metadata":{"version":3,"vertices":16,"uvs":0,"type":"Geometry","normals":13,"faces":13,"generator":"io_three"}}