{
    "uvs":[[0.251079,0.95075,0.242512,0.954711,0.19085,0.937981,0.154388,0.930915,0.215841,0.89313,0.749339,0.336928,0.749339,0.570545,0.571681,0.724094,0.394023,0.570545,0.394023,0.336928,0.979089,0.705127,0.979088,0.82897,0.904452,0.828817,0.904452,0.704973,0.215823,0.693152,0.223148,0.849733,0.0290926,0.74287,0.164098,0.680554,0.661981,0.976735,0.535628,0.874232,0.597246,0.797956,0.7236,0.900459,0.264408,0.680937,0.397788,0.734929,0.258676,0.949154,0.129494,0.922515,0.97664,0.0226438,0.97664,0.316373,0.598359,0.315824,0.59836,0.0226432,0.869708,0.715544,0.869708,0.819103,0.760253,0.919296,0.650798,0.819103,0.650798,0.715544,0.797063,0.987639,0.796539,0.90497,0.883408,0.824433,0.971291,0.903861,0.971815,0.986531,0.373899,0.0331705,0.3739,0.350929,0.0186735,0.351523,0.0186735,0.0331711,0.273135,0.946085,0.251733,0.952538,0.251329,0.951336,0.258711,0.949429,0.242151,0.956549,0.24318,0.955102,0.147955,0.668191,0.215966,0.675925,0.215696,0.687236,0.165739,0.677901,0.280795,0.668191,0.262939,0.67861,0.426782,0.722699,0.00173697,0.728951,0.207945,0.946925,0.152053,0.938041,0.153563,0.933069,0.187951,0.940706,0.114444,0.920702,0.129344,0.923433]],
    "faces":[40,21,8,7,4,0,1,0,0,0,40,7,3,9,1,2,3,1,1,1,40,7,9,21,1,3,4,1,1,1,40,17,18,27,9,5,6,2,2,2,40,27,29,28,6,7,8,3,3,3,40,27,28,17,6,8,9,4,4,4,41,13,26,27,18,10,11,12,13,5,5,5,5,41,20,12,11,15,14,15,16,17,6,6,6,6,41,25,10,17,28,18,19,20,21,7,7,7,7,41,20,19,14,12,14,22,23,15,8,8,8,8,40,5,8,21,24,0,4,9,9,9,40,21,12,14,4,15,23,10,10,10,40,21,14,5,4,23,24,11,11,11,40,9,1,11,3,25,16,12,12,12,40,11,12,21,16,15,4,13,13,13,40,11,21,9,16,4,3,14,14,14,41,4,24,26,13,26,27,28,29,15,15,15,15,40,4,6,23,34,30,31,16,16,16,40,23,30,24,31,32,33,17,17,17,40,23,24,4,31,33,34,17,17,17,40,2,0,16,39,35,36,18,18,18,40,16,31,22,36,37,38,19,19,19,40,16,22,2,36,38,39,20,20,20,41,16,0,10,25,42,43,40,41,21,21,21,21,41,24,30,34,33,44,45,46,47,22,22,22,22,41,30,23,32,34,45,48,49,46,23,23,23,23,41,8,34,32,7,0,46,49,1,24,24,24,24,41,5,33,34,8,24,47,46,0,25,25,25,25,41,28,29,37,36,50,51,52,53,26,26,26,26,41,29,27,35,37,51,54,55,52,27,27,27,27,41,20,37,35,19,14,52,55,22,28,28,28,28,41,15,36,37,20,17,53,52,14,29,29,29,29,40,14,19,35,23,22,55,30,30,30,40,27,26,14,54,56,23,31,31,31,40,35,27,14,55,54,23,30,30,30,40,5,14,26,24,23,56,32,32,32,40,24,33,5,44,47,24,33,33,33,40,26,24,5,56,44,24,34,34,34,40,36,15,11,53,17,16,35,35,35,40,11,25,28,16,57,50,36,36,36,40,11,28,36,16,50,53,37,37,37,41,22,31,40,39,58,59,60,61,38,38,38,38,41,31,16,38,40,59,62,63,60,39,39,39,39,41,9,40,38,1,3,60,63,25,40,40,40,40,41,3,39,40,9,2,61,60,3,41,41,41,41,40,11,1,38,16,25,63,42,42,42,40,16,25,11,62,57,16,43,43,43,40,38,16,11,63,62,16,44,44,44,40,39,3,7,61,2,1,45,45,45,40,7,32,23,1,49,48,46,46,46,40,22,39,7,58,61,1,47,47,47,40,7,23,22,1,48,58,48,48,48],
    "normals":[0,0.742294,-0.670074,0,0.742294,-0.670074,0,0.00205242,0.999998,0,7.06788e-08,1,-0,0.00205242,0.999998,1,-1.8582e-07,0,-0.652332,0.757931,0.00185539,-1,0,-0,0.656659,0.754185,0.00194058,-0,0.732304,0.680978,0.069034,0.753904,0.653347,-0.00244439,0.729922,0.683526,0.00283965,0.732301,0.680975,-0.0719512,0.755719,0.650932,-0,0.730821,0.682569,-0.000796066,0.00102526,0.999999,1,0,-0,1,0,0,-1,-1.44221e-15,-3.29028e-08,-1,-1.09519e-08,-3.29028e-08,-1,0,-3.29028e-08,0.000918796,0.00102526,0.999999,0,-0.737628,-0.675208,0,-0.737628,0.675208,0.995915,-0.0668279,0.0607177,0.993409,-0.0842327,-0.0777405,0.653905,-0.756577,0,-0.653904,-0.756577,0,0.0482417,0.0616267,0.996933,-0.0474923,0.0610956,0.997001,0.177657,-0.984093,0,0.177657,-0.984092,0,0.00122897,-0.978985,0.203926,0,-0.977951,0.208836,0.00109086,-0.978484,0.20632,-0.166598,-0.986025,0,-0.166598,-0.986025,-0,-0.166598,-0.986025,-0,0,-0.737628,0.675208,0,-0.737628,-0.675207,-0.994562,-0.0765348,-0.070636,-0.996632,-0.0606943,0.0551448,-0.00141607,-0.977977,0.208706,-0.00126457,-0.979014,0.20379,0,-0.982237,0.187645,0,-0.986418,0.164256,0,-0.986418,0.164256,0,-0.986418,0.164256,0,-0.986418,0.164256],
    "vertices":[0.140736,0.369797,-0.96899,-28.8209,167.697,12.0853,0.140747,0.369781,-348.784,-28.8209,160.065,-377.879,645.428,0.369797,-0.96899,676.891,167.697,12.0853,645.428,0.369781,-348.784,676.891,160.065,-377.879,676.891,342.449,-175.838,-28.8209,342.449,-175.838,183.738,0.369797,-0.96899,167.631,167.323,11.6678,308.945,289.536,-114.598,433.525,0.369797,-0.96899,448.6,167.323,11.6678,167.631,167.323,125.122,0.140736,164.909,-0.968998,183.738,0.369801,98.0085,433.525,0.369801,98.0085,448.6,167.323,125.122,308.92,288.653,123.752,310.676,342.449,-175.838,0.140747,164.909,-348.784,645.428,164.909,-348.784,645.428,164.909,-0.968998,183.738,164.602,-1.30606,433.525,164.602,-1.30606,433.525,164.602,97.6715,183.738,164.602,97.6715,308.632,272.547,97.6715,645.428,324.1,-174.877,0.14074,324.1,-174.877,675.522,164.909,-348.784,675.522,164.909,-0.968998,675.522,324.1,-174.877,433.525,164.602,125.39,183.738,164.602,125.39,308.632,272.547,125.39,-27.5782,164.909,-0.968998,-27.5782,164.909,-348.784,-27.5782,324.1,-174.877],
    "metadata":{
        "type":"Geometry",
        "generator":"io_three",
        "uvs":1,
        "version":3,
        "faces":52,
        "vertices":41,
        "normals":49
    }
}